number,Barcode,position,RNA_sample,status,E,N,IC
BD0018,CTCACCTCTA,A01,P0005,0.5,ND,36.1,24.69
BD0019,GATCGCGTAA,B01,P0029,1,25.92,29.41,24.55
BD0020,AGAGCCAGTA,C01,P0044,1,17.8,21.47,ND
BD0021,GGAAGAAGAA,D01,P0064,1,26.57,30.15,24.64
BD0022,CCTTGAAGAA,E01,P0087,1,ND,34.34,24.65
BD0023,TTGCCAAGAA,F01,neg,0,,,
BD0024,AAGCGGAGAA,G01,neg,0,,,
BD0025,CGTAACAGAA,H01,neg,0,,,
BD0026,TGACTCAGAA,A02,P0007,0.5,ND,39.46,24.3
BD0027,GCCAATAGAA,B02,P0031,1,26.8,29.05,24.66
BD0028,CGGTCTAGAA,C02,P0046,0.5,ND,36.74,23.84
BD0029,CGACAAGGAA,D02,P0065,1,28.81,31.43,30.52
BD0030,ATGAGAGGAA,E02,P0090,1,31.39,31.07,30.25
BD0031,GGTTCAGGAA,F02,neg,0,,,
BD0032,ACCGTAGGAA,G02,neg,0,,,
BD0033,TCAACCGGAA,H02,neg,0,,,
BD0034,CTATTCGGAA,A03,P0014,1,27.14,32.38,24.78
BD0035,TTCTGTGGAA,B03,P0032,1,20.92,23.6,24.03
BD0036,GAACTTGGAA,C03,P0047,1,27.5,29.58,24.68
BD0037,TCTCAACGAA,D03,P0066,1,31.91,32.21,24.39
BD0038,AATGCACGAA,E03,P0091,1,26.8,28.44,24.39
BD0039,AGCCAGCGAA,F03,neg,0,,,
BD0040,CTTCGGCGAA,G03,neg,0,,,
BD0041,TAGGACCGAA,H03,neg,0,,,
BD0042,CCGAGTCGAA,A04,P0015,1,27.6,29.24,24.95
BD0043,ATGGTTCGAA,B04,P0033,0.5,ND,34.06,24.66
BD0044,TGGTAGTGAA,C04,P0048,1,26.62,27.77,26.27
BD0045,TCCAGGTGAA,D04,P0067,1,ND,32.8,25.04
BD0046,GCATGTTGAA,E04,P0094,1,23.76,26.15,24.08
BD0047,TCGAGAACAA,F04,neg,0,,,
BD0048,GACACAACAA,G04,neg,0,,,
BD0049,CAGAAGACAA,H04,neg,0,,,
BD0050,CCACGGACAA,A05,P0017,1,ND,33.81,24.64
BD0051,GTTCCGACAA,B05,P0034,0.5,ND,36.63,25.12
BD0052,TTGGTGACAA,C05,P0050,1,23.49,25.08,25.14
BD0053,ACAATGGCAA,D05,P0071,1,21.66,23.23,24.16
BD0054,CGCAGTGCAA,E05,P0095,1,32.16,35.48,24.46
BD0055,CCATAACCAA,F05,neg,0,,,
BD0056,AGTCTACCAA,G05,neg,0,,,
BD0057,GAAGCGCCAA,H05,neg,0,,,
BD0058,TACCTTCCAA,A06,P0019,1,28.14,29.89,23.85
BD0059,TCCGCATCAA,B06,P0035,1,29.99,30.74,ND
BD0060,AGTACGTCAA,C06,P0052,0.5,ND,36.56,24.57
BD0061,ACATCCTCAA,D06,P0073,1,27.19,29.26,24.89
BD0062,GGAGATTCAA,E06,P0096,1,22.39,25.39,24.59
BD0063,GGTGAGATAA,F06,neg,0,,,
BD0064,GCAACGATAA,G06,neg,0,,,
BD0065,CTAGGCATAA,H06,neg,0,,,
BD0066,TGGCGTATAA,A07,P0020,0.5,ND,38.12,25.48
BD0067,CCAGAGGTAA,B07,P0036,0.5,ND,39.28,24.53
BD0068,AAGGTGGTAA,C07,P0053,1,26.46,28.66,24.34
BD0069,GGCTAACTAA,D07,P0074,1,32.27,33.39,24.63
BD0070,ATCGGACTAA,E07,P0097,1,ND,33.36,24.46
BD0071,CAACTCCTAA,F07,neg,0,,,
BD0072,CGTCTGTTAA,G07,neg,0,,,
BD0073,GAGTATGCGA,H07,neg,0,,,
BD0074,TTCACGCCGA,A08,P0021,1,32.66,33.77,25.52
BD0075,AATTCCGTGA,B08,P0037,0.5,ND,37.28,24.42
BD0076,GCGATTGACA,C08,P0054,1,31.33,31.89,24.91
BD0077,TGCTTGCACA,D08,P0077,1,26.08,28.32,24.18
BD0078,TATGTAGGCA,E08,P0098,1,23.52,26.85,26.29
BD0079,GTTATACGCA,F08,neg,0,,,
BD0080,GTCTCATGCA,G08,neg,0,,,
BD0081,AAGACCATCA,H08,neg,0,,,
BD0082,GGCCTAGTCA,A09,P0023,0.5,ND,36.55,24.81
BD0083,CTTGTGCTCA,B09,P0040,1,26.69,27.86,24.41
BD0084,AACAGGTTCA,C09,P0057,1,23.23,25.36,24.5
BD0085,TTGGAAGGTA,D09,P0079,1,23.78,25.45,23.76
BD0086,TCGTATCGTA,E09,neg,0,,,
BD0087,ACGCATACTA,F09,neg,0,,,
BD0088,GTCCTGGCTA,G09,neg,0,,,
BD0089,GTACCACCTA,H09,neg,0,,,
BD0090,GAACAGTCTA,A10,P0024,1,20.09,23.19,28.74
BD0091,GGCACCATTA,B10,P0041,1,26.85,28.99,24.71
BD0092,CCGGTTATTA,C10,P0059,1,26.05,29.56,23.87
BD0093,CATCCACTTA,D10,P0080,1,26.04,25.56,24.75
BD0094,AGGAAGCTTA,E10,neg,0,,,
BD0095,AGTTGCCTTA,F10,neg,0,,,
BD0096,GTGCTATTAG,G10,neg,0,,,
BD0097,GACATTGAGG,H10,neg,0,,,
BD0098,TTAGCTTAGG,A11,P0025,1,29.57,32.49,24.24
BD0099,TTCCTAACGG,B11,P0042,1,27,27.86,24.95
BD0100,ATACCGACGG,C11,P0062,1,24.53,28.64,24.05
BD0101,TGTAAGGCGG,D11,P0085,1,21.39,24.8,24.45
BD0102,ATTATGCCGG,E11,neg,0,,,
BD0103,TCTTCTCCGG,F11,neg,0,,,
BD0104,TAAGAATCGG,G11,neg,0,,,
BD0105,GTTCGTTCGG,H11,neg,0,,,
BD0106,CTGTCGATGG,A12,P0028,1,27.18,27.97,24.49
BD0107,GCGCTTATGG,B12,P0043,1,ND,33.47,24.75
BD0108,CATATAGTGG,C12,P0063,1,24.38,24.83,25.06
BD0109,GTAGTGGTGG,D12,P0086,1,34.11,36.25,38.01
BD0110,AAGTTACTGG,E12,neg,0,,,
BD0111,GTTAATCTGG,F12,neg,0,,,
BD0112,CATCGTCTGG,G12,neg,0,,,
BD0113,TCAGTTCGCG,H12,neg,0,,,